postcode,easting,northing,latitude,longitude,street,city,district,county,region,country,numbers
SW13 9AA,522322,0177433,51.482633,-0.239809,Barnes Avenue,Barnes,Richmond upon Thames,Greater London,London,England,"1,3,5,7,9,11,15,17,19,21,23,25,27,29,31,33,35,37,39,41,43,45,47,49,51,53,55,57,59"
SW13 9AB,522354,0177469,51.482950,-0.239336,Barnes Avenue,Barnes,Richmond upon Thames,Greater London,London,England,"2,4,6,8,10,12,14,16,18,20,22,24,26,28,30,32,34,36,38,40,42,44,46"
SW13 9AD,522237,0177413,51.482472,-0.241040,Kentwode Green,Barnes,Richmond upon Thames,Greater London,London,England,"1,2,3,4,5a,5,6,7,8,9,10,11,12,13,14,15,16,17,38,39,18,19,20,21,22,23,24,25,26,27,28,29,30,31,32,33,34,35,36,37"
SW13 9AE,522326,0177526,51.483468,-0.239720,Stillingfleet Road,Barnes,Richmond upon Thames,Greater London,London,England,"12,14,16,18,20,22,24a,24,30,2,4,6,8,10"
SW13 9AF,522452,0177599,51.484097,-0.237881,Alderbury Road,Barnes,Richmond upon Thames,Greater London,London,England,"65,67,69,71,73,75,77,79,81,83,85,87,89,91,93,95,97,99,101,103,105,107,109,111,113"
SW13 9AG,522338,0177589,51.484032,-0.239525,Stillingfleet Road,Barnes,Richmond upon Thames,Greater London,London,England,"15,17,19,21,23,25,27,29,31,33,35,37,39,41,43,45,47,49,51,53,55,57,59,61,63"
SW13 9AH,522195,0177557,51.483775,-0.241595,Everdon Road,Barnes,Richmond upon Thames,Greater London,London,England,"1,2,3,4,5,6,7,8,9,10,11,12,13,14,15,16,17,18,19,20,21,22,23,24,25,26,27,28,30,32,34"
SW13 9AJ,522145,0177503,51.483300,-0.242333,Everdon Road,Barnes,Richmond upon Thames,Greater London,London,England,"48,50,52,54,56,58,60,62,64,66,68"
SW13 9AL,522159,0177459,51.482902,-0.242147,Verdun Road,Barnes,Richmond upon Thames,Greater London,London,England,"61,63,65,67,69,71,73,75,77,79,81"
SW13 9AN,522066,0177556,51.483794,-0.243452,Verdun Road,Barnes,Richmond upon Thames,Greater London,London,England,"86,88,90,92,94,96,98,100,102,104,106,108,110,112,114,116,118"
SW13 9AP,522142,0177641,51.484541,-0.242328,Howsman Road,Barnes,Richmond upon Thames,Greater London,London,England,"2,4,6,8,10,12,14,16a,16,18,20,40,22,24,26,28,30,32,Garden Flat At 34,34,36,38"
SW13 9AQ,522242,0177545,51.483657,-0.240922,Everdon Road,Barnes,Richmond upon Thames,Greater London,London,England,"13,1,3,5,9,11"
SW13 9AR,521937,0177515,51.483453,-0.245323,Verdun Road,Barnes,Richmond upon Thames,Greater London,London,England,"33 Windermere Court,34 Windermere Court,35 Windermere Court,36 Windermere Court,37 Windermere Court,38 Windermere Court,39 Windermere Court,40 Windermere Court,41 Windermere Court,42 Windermere Court,43 Windermere Court,44 Windermere Court,45 Windermere Court,46 Windermere Court,47 Windermere Court,48 Windermere Court,49 Windermere Court,50 Windermere Court,51 Windermere Court,52 Windermere Court,53 Windermere Court,54 Windermere Court,55 Windermere Court,56 Windermere Court,57 Windermere Court,58 Windermere Court,59 Windermere Court,60 Windermere Court,61 Windermere Court,62 Windermere Court,63 Windermere Court,64 Windermere Court,65 Windermere Court,66 Windermere Court"
SW13 9AS,521989,0177581,51.484035,-0.244551,Ferry Lane,Barnes,Richmond upon Thames,Greater London,London,England,"1 Windermere Court,2 Windermere Court,3 Windermere Court,4 Windermere Court,5 Windermere Court,6 Windermere Court,7 Windermere Court,8 Windermere Court,9 Windermere Court,10 Windermere Court,11 Windermere Court,12 Windermere Court,13 Windermere Court,14 Windermere Court,15 Windermere Court,16 Windermere Court,17 Windermere Court,18 Windermere Court,19 Windermere Court,20a Windermere Court,20 Windermere Court,21 Windermere Court,22 Windermere Court,23 Windermere Court,24 Windermere Court,25 Windermere Court,26 Windermere Court,27 Windermere Court,28 Windermere Court,29 Windermere Court,30 Windermere Court,32 Windermere Court"
SW13 9AT,522018,0177507,51.483364,-0.244160,Verdun Road,Barnes,Richmond upon Thames,Greater London,London,England,"1 Queensmere Court,2 Queensmere Court,3 Queensmere Court,4 Queensmere Court,5 Queensmere Court,6 Queensmere Court,7 Queensmere Court,8 Queensmere Court,9 Queensmere Court,10 Queensmere Court,11 Queensmere Court,12 Queensmere Court,13 Queensmere Court,14 Queensmere Court,15 Queensmere Court,16 Queensmere Court"
SW13 9AU,522038,0177530,51.483566,-0.243864,Verdun Road,Barnes,Richmond upon Thames,Greater London,London,England,"1 Grasmere Court,2 Grasmere Court,3 Grasmere Court,4 Grasmere Court,5 Grasmere Court,6 Grasmere Court,7 Grasmere Court,8 Grasmere Court,9 Grasmere Court,10 Grasmere Court,11 Grasmere Court,12 Grasmere Court,13 Grasmere Court,14 Grasmere Court,15 Grasmere Court,16 Grasmere Court"
SW13 9AW,522166,0177613,51.484284,-0.241993,Howsman Road,Barnes,Richmond upon Thames,Greater London,London,England,"1,3,5,7,9,11,13,15,17,19,39a,39,41,43,45,47,49,51,53,55,57,59,61,63,65,67,69,71,73,21,23,25,27,29a,29,31,33,35,37,75,77,79"
SW13 9AX,522161,0177396,51.482335,-0.242140,Kentwode Green,Barnes,Richmond upon Thames,Greater London,London,England,"38,40,42,44,46,48,50,52,54,56,58,60,62,64,66,68,70,72,74,76,22,24,26,28,30,32,34,36,78,80,82,84"
SW13 9AY,522177,0177259,51.481101,-0.241957,Atherton Road,Barnes,Richmond upon Thames,Greater London,London,England,"2,4,6,8,10,12,14,16,18,20"
SW13 9AZ,521735,0176465,51.474060,-0.248592,Melrose Road,Barnes,Richmond upon Thames,Greater London,London,England,"4,5,6,7,11,12,17"
SW13 9BB,520532,0175905,51.469284,-0.266096,,London,Richmond upon Thames,Greater London,London,England,
SW13 9BE,522466,0177252,51.480975,-0.237799,Castelnau,Barnes,Richmond upon Thames,Greater London,London,England,2
SW13 9BG,522452,0177286,51.481284,-0.237989,Washington Road,Barnes,Richmond upon Thames,Greater London,London,England,"1a,1,3,5,7"
SW13 9BH,522293,0177319,51.481615,-0.240266,Washington Road,Barnes,Richmond upon Thames,Greater London,London,England,"10,14,16,18,20,22,24,26,28,30,32,34,36,38,40,42,44,46,48,50,52,54,56,58,60,62,64,66,68,70"
SW13 9BJ,522421,0177357,51.481929,-0.238411,Washington Road,Barnes,Richmond upon Thames,Greater London,London,England,"1,3,5,7,9,11,13,15,17,19,21,23,25,27,29,31,33"
SW13 9BL,522471,0177435,51.482619,-0.237664,Boileau Road,Barnes,Richmond upon Thames,Greater London,London,England,"2,4,8,10,12,14,16,18,20,22,24,26,28,30,32,34,36,38,40,42,44,46,48,50,52,54,56,58,60,62,Flat 1 At 64,Flat 2 At 64,Flat 3 At 64,Flat 4 At 64,66"
SW13 9BN,522460,0177487,51.483088,-0.237804,Boileau Road,Barnes,Richmond upon Thames,Greater London,London,England,"35,37,39,41,43,45,47,49,51,53,55,57,59,61"
SW13 9BP,522582,0177655,51.484572,-0.235990,Jenner Place,Barnes,Richmond upon Thames,Greater London,London,England,"68,70,72,74,76,78,80,82,84,86,88,90,92,94,96a,96b,96c,96d,96e,96f,96g,96h,96j,98a,98b,98c,98d,98e,98f,98g,98h,98j,100a,100b,100c,100d,100e,100f,102a,102b,102c,102d,102e,102f,102g,102h,104a,104b,104c,104d,104e,104f,106a,106b,106c,106d,106e,106f,106g,106h,106j,108a,108b,108c,108d,108e,108f,110a,110b,110c,110d,110e,110f,110g,112a,112b,112c,112d,112e,112f,128,130,132,134"
SW13 9BQ,522282,0177293,51.481383,-0.240434,Washington Road,Barnes,Richmond upon Thames,Greater London,London,England,"9a,11,13,15,17,19,21,23,25,27,29,31,33,35,37,39,41,43,45,47,49,51,53,55,57,59,61,63,65,67"
SW13 9BS,522425,0177738,51.485352,-0.238221,Nowell Road,Barnes,Richmond upon Thames,Greater London,London,England,"2,4,6,8,10,12,14,16,18,20,22,24,26,28,30,32,34,36,38,40,42,44,62,64,66,68,70,72,74,76,78,80,46,48a,48,50,52,54,56,Garden Annexe At 58,58,60,62a"
SW13 9BT,522490,0177684,51.484852,-0.237304,Nowell Road,Barnes,Richmond upon Thames,Greater London,London,England,"1,3,5,7a,7,Flat 1 At 9,Flat 2 At 9,9,11a,11,13,15,17,19,21,23,25,27,29,31,33,35,37,39,41,43,45,63,65,67,69,71,73,75,77,79,47,49,51,53,55,57,59,61,81,83,Flat 1 At 85,Flat 2 At 85,Flat 3 At 85,Flat 4 At 85,85"
SW13 9BU,522406,0177649,51.484556,-0.238525,Alderbury Road,Barnes,Richmond upon Thames,Greater London,London,England,"19,20,21,22,23,24,25,26,27,28,29a,29,1,2,3,4,5,6,7,8,9,10,11,Flat Gnd Flr 12,Flat 1st Flr 12,12,13,14,15,16,17,18"
SW13 9BW,522534,0177639,51.484438,-0.236686,Jenner Place,Barnes,Richmond upon Thames,Greater London,London,England,"63,65,67,69,71,73,75,77,79,81,83,85,87,89,91,93,95,97,99,Flat 1 At 101,Flat 2 At 101,101"
SW13 9BX,522305,0177671,51.484776,-0.239972,Kilmington Road,Barnes,Richmond upon Thames,Greater London,London,England,"87,89,91,93,95,97,99,101,103,105,107,109,111,113,115,117,119,121,123,125,127,129,131,133,Flat Gnd Flr 137,1 Baynes House,2 Baynes House,3 Baynes House,4 Baynes House,5 Baynes House,6 Baynes House,7 Baynes House"
SW13 9BY,522291,0177622,51.484338,-0.240190,Kilmington Road,Barnes,Richmond upon Thames,Greater London,London,England,"2,4,6,8,10,12,14,16,18,20,22,24,26,28,30,32,34,38,40"
SW13 9BZ,522260,0177618,51.484309,-0.240638,Kilmington Road,Barnes,Richmond upon Thames,Greater London,London,England,"1,3,5,7,9,11,13,15,17,19,21,23,25,27,29,31,33,35,37,39,41,Annexe At 43,43,45,47,49a,49"
SW13 9DA,522114,0177689,51.484979,-0.242715,Howsman Road,Barnes,Richmond upon Thames,Greater London,London,England,"71,73,81,83,85,87,89,91,93,95,97a,97,99,101,103,105,107,109,111,113,115,117,119,75,77,79"
SW13 9DB,522645,0177732,51.485250,-0.235056,Fielding Mews,Barnes,Richmond upon Thames,Greater London,London,England,"1,2,3,4,5,6,7,8,9,10,11,12,13,14,15,16,17"
SW13 9DE,522700,0177700,51.484951,-0.234276,Fielding Mews,Barnes,Richmond upon Thames,Greater London,London,England,
SW13 9DG,522700,0177700,51.484951,-0.234276,Fielding Mews,Barnes,Richmond upon Thames,Greater London,London,England,
SW13 9DH,522778,0177746,51.485347,-0.233137,Trinity Church Passage,Barnes,Richmond upon Thames,Greater London,London,England,"164,Flat Gnd Flr 166,Flat 1st Flr At 166,Flat 2nd Flr At 166,Flat Gnd Flr 168,Flat 1st Flr At 168,Maisonette 2nd & 3rd Flrs At 168,Flat Gnd Flr 170,Flat 1st Flr At 170,Maisonette 2nd & 3rd Flrs At 170,Flat 4 (bst) At 172,Flat 1 At 172,Flat 2 At 172,Flat 3 At 172,Flat 1 At 176,Flat 2 At 176,Flat 3 At 176,Flat 4 At 176,Flat 5 At 176,Flat 1 At 180,Flat 2 At 180,Flat 3 At 180,182a,182b,184a,184b,186b,Flat Rear Of 186,Flat 1st Flr 186,Flat 2nd Flr 186,188a,188b,188,Flat Top Flr 190,Flat 1st Flr 190,192,Flat 1 Castelnau Court,Flat 2 Castelnau Court,Flat 3 Castelnau Court"
SW13 9DJ,522700,0177700,51.484951,-0.234276,Fielding Mews,Barnes,Richmond upon Thames,Greater London,London,England,
SW13 9DL,522865,0177733,51.485212,-0.231889,Merthyr Terrace,Barnes,Richmond upon Thames,Greater London,London,England,
SW13 9DN,522900,0177400,51.482211,-0.231501,Burges Grove,Barnes,Richmond upon Thames,Greater London,London,England,
SW13 9DP,522867,0177792,51.485741,-0.231840,Arundel Terrace,Barnes,Richmond upon Thames,Greater London,London,England,
SW13 9DQ,522700,0177700,51.484951,-0.234276,Fielding Mews,Barnes,Richmond upon Thames,Greater London,London,England,
SW13 9DR,522883,0177776,51.485594,-0.231615,Arundel Terrace,Barnes,Richmond upon Thames,Greater London,London,England,
SW13 9DS,522921,0177731,51.485181,-0.231084,Merthyr Terrace,Barnes,Richmond upon Thames,Greater London,London,England,
SW13 9DT,522900,0177700,51.484907,-0.231397,Merthyr Terrace,Barnes,Richmond upon Thames,Greater London,London,England,
SW13 9DU,522922,0177775,51.485577,-0.231054,Arundel Terrace,Barnes,Richmond upon Thames,Greater London,London,England,
SW13 9DW,522813,0177802,51.485843,-0.232614,Arundel Terrace,Barnes,Richmond upon Thames,Greater London,London,England,"194a,196a,196b,196c,Flat 2nd Flr At 196,198a,198b,198c,198,Flat 2nd Flr At 200,Bst 202,Flat 1st Flr At 200-202,The Bridge At 204"
SW13 9DX,522938,0177795,51.485753,-0.230817,Clavering Avenue,Barnes,Richmond upon Thames,Greater London,London,England,
SW13 9DY,522954,0177826,51.486028,-0.230576,Clavering Avenue,Barnes,Richmond upon Thames,Greater London,London,England,
SW13 9DZ,520532,0175905,51.469284,-0.266096,,London,Richmond upon Thames,Greater London,London,England,
SW13 9EA,522818,0177879,51.486534,-0.232515,Glentham Gardens,Barnes,Richmond upon Thames,Greater London,London,England,"203a,203b,203c,205a,205b,205c,207a,207b,207c,209"
SW13 9EB,522706,0177845,51.486253,-0.234139,St Hilda's Road,Barnes,Richmond upon Thames,Greater London,London,England,"2,4,6,8,10,12,14,16,18,20,32,34a,Flat Gnd Flr 34,Flat 1st Flr At 34,Maisonette 2nd & 3rd Flrs At 34,36,38,40a,22,24,26,Flat Bst Front 28,Flat Bst Rear 28b,Maisonette Gnd 1st & 2nd Flrs At 28,30a,30b,Maisonette 30,30,Maisonette 40,Flat 1 At 40,Flat 2 At 40,Flat 3 At 40,Flat 1 At 42,Flat 2 At 42,Flat 3 At 42,Flat 4 At 42,44a,44,46a,46"
SW13 9ED,522692,0177792,51.485779,-0.234359,Fielding Mews,Barnes,Richmond upon Thames,Greater London,London,England,"1a,1,3,5,7,9,St Judes 11,13,15,17,Maisonette Bst & Gnd Flr 20,Maisonette 1st & 2nd Flr At 20"
SW13 9EE,522692,0177744,51.485348,-0.234376,Fielding Mews,Barnes,Richmond upon Thames,Greater London,London,England,"1,2,3,4,5,6,7"
SW13 9EG,522600,0177600,51.484074,-0.235750,Jenner Place,Barnes,Richmond upon Thames,Greater London,London,England,
SW13 9EH,522706,0177761,51.485498,-0.234168,Fielding Mews,Barnes,Richmond upon Thames,Greater London,London,England,"1 Blakemore Villas,2 Blakemore Villas,3 Blakemore Villas"
SW13 9EJ,522500,0177400,51.482298,-0.237259,Boileau Road,Barnes,Richmond upon Thames,Greater London,London,England,
SW13 9EL,522528,0177368,51.482004,-0.236867,Castelnau,Barnes,Richmond upon Thames,Greater London,London,England,"Flat 1 At 87,Flat 2 At 87,Flat 3 At 87,Flat 4 At 87,Flat Bst 89,Flat Gnd Flr 89,The Coach House 89,Flat 1st Flr At 89,Flat 2nd Flr At 89,91a,91,93,95a,95c,The Coach House 95,85,105,107,109a,109,111,113,115,117,Flat Bst 119,119,95,97,99,101a,101,Flat Bst 103,Flat Bst Front 103,Flat Bst Rear 103,Gnd Flr Flat 103,Maisonette 103,Mais Gnd & 1st Fls 103,Bedsit 2nd Fl Frnt 103,Bedsit 2nd Fl Rear 103,121a,121b,121c,121d,121e,121,123,Flat 1 At 125,Flat 2 At 125,Flat 3 At 125,Flat 4 At 125,Flat 5 At 125,Flat 6 At 125"
SW13 9EN,522577,0177550,51.483629,-0.236098,Boileau Road,Barnes,Richmond upon Thames,Greater London,London,England,"1 The Spinney,2 The Spinney,3 The Spinney,4 The Spinney,5 The Spinney,6 The Spinney,7 The Spinney,8 The Spinney,9 The Spinney,10 The Spinney,11 The Spinney,12 The Spinney,13 The Spinney,14 The Spinney,15 The Spinney,16 The Spinney,17 The Spinney,18 The Spinney"
SW13 9EP,522600,0177600,51.484074,-0.235750,Jenner Place,Barnes,Richmond upon Thames,Greater London,London,England,
SW13 9EQ,522727,0177744,51.485341,-0.233849,Trinity Church Passage,Barnes,Richmond upon Thames,Greater London,London,England,The Coach House 14
SW13 9ER,522728,0177731,51.485224,-0.233839,Trinity Church Passage,Barnes,Richmond upon Thames,Greater London,London,England,"Flat 1 At 171,Flat 2 At 171,Flat 3 At 171,Flat 4 At 171,Flat 5 At 171,Flat 6 At 171,Flat Bst 173,Flat Gnd Flr 173,Top Flat 173,173,175,177,179,181,183,House R/o 185,Maisonette 185,The Coach House Rear Of 187,Maisonette 1st & 2nd Flrs At 187,189,191,Maisonette 1st & 2nd Flrs At 193,195a,Maisonette 1st & 2nd Flrs At 197,Flat A 199,201a,Old Rangoon,Flat Top Flr 185,Flat 1st Flr 185,Flat 1 At 191,Flat 2 At 191,Managers Flat Garden House,Staff Flat The Garden House"
SW13 9ES,522790,0177692,51.484859,-0.232983,Trinity Church Passage,Barnes,Richmond upon Thames,Greater London,London,England,
SW13 9ET,522669,0177546,51.483573,-0.234775,Fielding Mews,Barnes,Richmond upon Thames,Greater London,London,England,"Flat 1 At 126,Flat 2 At 126,Flat 3 At 126,Flat 4 At 126,Flat 5 At 126,Flat 6 At 126,Flat 7 At 126,Flat 8 At 126,Flat 9 At 126,128a,128,130,132,134,136,138,140,142,Flat Gnd Flr 154,Maisonette 1st & 2nd Flrs At 154,154,Flat 1 At 156,Flat 2 At 156,Flat 3 At 156,Flat 4 At 156,158,160,Holy Trinity Vicarage 162,144,146,148,150,152"
SW13 9EU,522585,0177343,51.481768,-0.236032,Castelnau,Barnes,Richmond upon Thames,Greater London,London,England,"88,90,92,94,Flat 1 At 82,Flat 2 At 82,Flat 3 At 82,Flat 4 At 82,84a,84b,84,86a,86b,86c,86,Coach House 106,106,108,110,112,114,116,118,96,98,100,102a,102,104,120,122,Flat Bst 120"
SW13 9EW,522647,0177609,51.484144,-0.235070,Jenner Place,Barnes,Richmond upon Thames,Greater London,London,England,"Flat 1 At 139,Flat 2 At 139,Flat 3 At 139,Flat 4 At 139,Flat 5 At 139,141,155,Flat 1 157,Flat 2 At 157,Flat 3 At 157,143,145a,Flat 2 At 145,Flat 3 At 145,Flat 4 At 145,Flat 5 At 145,Flat 1 At 147,Flat 2 At 147,Flat 3 At 147,Flat 4 At 147,Flat 5 At 147,Flat 6 At 147,149,151,153"
SW13 9EX,522529,0177118,51.479757,-0.236939,Castelnau,Barnes,Richmond upon Thames,Greater London,London,England,"46,48,50,52,54,Sandor Lodge 56,Annex 58,Bedsits At 58,Flat 58,Flat 2 At 58,Flat 3 At 58,Flat 4 At 58,Flat 5 At 58,58,Annexe 60a,60,62,64,Flat 1st Flr 65,66,68,70,Flat Gnd Flr 72,Flat 1st Flr Front At 72a,Flat 1st Flr Rear At 72,Flat 2nd Flr At 72,74,76,78,80"
SW13 9EY,522655,0177695,51.484916,-0.234925,Fielding Mews,Barnes,Richmond upon Thames,Greater London,London,England,"1,2,3,4,5,6,7,8,9,10,11,12,13,14,15,16,17"
SW13 9EZ,522500,0177000,51.478703,-0.237397,Madrid Road,Barnes,Richmond upon Thames,Greater London,London,England,
SW13 9FB,522198,0177169,51.480287,-0.241685,Atherton Road,Barnes,Richmond upon Thames,Greater London,London,England,
SW13 9HA,520532,0175905,51.469284,-0.266096,,London,Richmond upon Thames,Greater London,London,England,
SW13 9HB,512900,0176400,51.475306,-0.375766,,,,,,,
SW13 9HD,522221,0176646,51.475582,-0.241535,Byfeld Gardens,Barnes,Richmond upon Thames,Greater London,London,England,"4 King Edward Mews,2 King Edward Mews,3 King Edward Mews,1"
SW13 9HE,521853,0176436,51.473774,-0.246904,Swan Place,Barnes,Richmond upon Thames,Greater London,London,England,"1a,3,5,Barnes Green Day Centre 8,The Flat Barnes Green Day Centre 8,15a,Elm Cottage 16,19,21,23,25,27a,27,29a,29,31,Sun Inn"
SW13 9HF,521832,0176442,51.473832,-0.247204,Swan Place,Barnes,Richmond upon Thames,Greater London,London,England,
SW13 9HG,521832,0176442,51.473832,-0.247204,Swan Place,Barnes,Richmond upon Thames,Greater London,London,England,
SW13 9HH,522050,0176497,51.474280,-0.244048,Church Road,Barnes,Richmond upon Thames,Greater London,London,England,"Maisonette 1st & 2nd Flrs At 59a,Maisonette At 61,63a,65a,71a,71,73a,75a,77a,81,Flat 1st Flr 83,85,99,49c,Flat A At 49,Flat B At 49,Flat C At 49,53,55a,57a"
SW13 9HJ,522099,0176618,51.475356,-0.243301,Melville Road,Barnes,Richmond upon Thames,Greater London,London,England,"1,2,3,4,5,6,7,8,9,10,11,12,13,15,17,19,21,23,25,27,St Marys Lodge"
SW13 9HL,522238,0176599,51.475156,-0.241284,Bracken Gardens,Barnes,Richmond upon Thames,Greater London,London,England,"101,103,105,111,113,Orchard House 115"
SW13 9HN,522176,0176514,51.474405,-0.242228,Bracken Gardens,Barnes,Richmond upon Thames,Greater London,London,England,"18,20,22,24,26,28,30,32,34,36,38a,38,40,42,44"
SW13 9HP,522263,0176687,51.475941,-0.240917,Byfeld Gardens,Barnes,Richmond upon Thames,Greater London,London,England,"1,2,3,4,5,6,7,8,9,10,11,12,13,14,15,16,17,18,19,20,21,22,23,24,25,26,27,28,29,30,31,Flat Gnd Flr 32,Flat 1st Flr At 32,32,33,34,35"
SW13 9HQ,521961,0176494,51.474272,-0.245329,The Crescent,Barnes,Richmond upon Thames,Greater London,London,England,"31a,31b,31,33,35,Ambassador House 37,Flat Bst 37,Flat 1st Flr 37,Flat 2nd Flr 37,Maisonette 1st & 2nd Flrs At 37,Flat 3rd Flr 37,43,45,The Grange 47,1 The Grange,2 The Grange,3 The Grange,4 The Grange,5 The Grange,6 The Grange,7 The Grange,8 The Grange,9 The Grange,10 The Grange,11 The Grange,12 The Grange,13 The Grange,14 The Grange,15 The Grange,16 The Grange"
SW13 9HR,522340,0176626,51.475376,-0.239830,Byfeld Gardens,Barnes,Richmond upon Thames,Greater London,London,England,"125a,Flat 1st Flr 125b,Flat 2nd Flr 125a,127a,Flat A 127,Flat B 127,Flat C 127,Flat 1st Flr 129a,Flat 2nd Flr 129b,Flat 3rd Flr 129c,129,131a,Flat A At 131a,Flat B At 131a,Flat C At 131a,133a,Flat A 133,Flat B 133,Flat C 133,135a,147a,149,Flat 2 At 151,Flat 3 At 151,Flat 4 At 151,Flat 5 At 151,Flat 6 At 151,157,159,161,163,165,167,177,179,181,10 Lowther Mansions,11 Lowther Mansions,12 Lowther Mansions"
SW13 9HS,522348,0176645,51.475545,-0.239708,Byfeld Gardens,Barnes,Richmond upon Thames,Greater London,London,England,
SW13 9HT,522359,0176659,51.475669,-0.239545,Byfeld Gardens,Barnes,Richmond upon Thames,Greater London,London,England,"10a Lowther Mansions,10 Lowther Mansions,11a Lowther Mansions,11 Lowther Mansions,12 Lowther Mansions,157 Lowther Mansions,159 Lowther Mansions,161 Lowther Mansions,163 Lowther Mansions,165 Lowther Mansions,167 Lowther Mansions,177 Lowther Mansions,179 Lowther Mansions,181 Lowther Mansions"
SW13 9HU,522300,0176600,51.475151,-0.240414,Byfeld Gardens,Barnes,Richmond upon Thames,Greater London,London,England,
SW13 9HW,522254,0176463,51.473930,-0.241124,Bracken Gardens,Barnes,Richmond upon Thames,Greater London,London,England,"1,2,3,4,5,6,7,8,9,10,11,12a,12,Flat Gnd Flr 14,Maisonette 14,15,16,17,18,19,20,21,22,23,24,25,26,27,Flat Gnd Flr 28,Flat 1st Flr 28,28,29,30,31,32,33,34"
SW13 9HX,522300,0176600,51.475151,-0.240414,Byfeld Gardens,Barnes,Richmond upon Thames,Greater London,London,England,
SW13 9JB,522721,0177906,51.486798,-0.233902,Glentham Gardens,Barnes,Richmond upon Thames,Greater London,London,England,"7,8,9,10,11,12,13,14,16,17,18,19,20,21,22,23,24,25,26"
SW13 9JD,522707,0177877,51.486540,-0.234114,St Hilda's Road,Barnes,Richmond upon Thames,Greater London,London,England,"36,37,39,40,28,29,30,31,32,33,34,35"
SW13 9JE,522667,0177929,51.487016,-0.234671,Glentham Road,Barnes,Richmond upon Thames,Greater London,London,England,"5,6,Flat Gnd Flr 7,Flat 1st Flr At 7,8,9,10,11,12,13,14,15"
SW13 9JF,522543,0177947,51.487205,-0.236450,Lillian Road,Barnes,Richmond upon Thames,Greater London,London,England,"41,42,43,44,46,47,48,49,50,51,52,53,54,55,56,57,58,59,61,62,63,64,65,66,67,68,69,70,71,72,73,74,75,76,77,78,79,80,81,82"
SW13 9JG,522536,0177923,51.486990,-0.236559,Lillian Road,Barnes,Richmond upon Thames,Greater London,London,England,"1,2,3,4,5,6,7,8,9,10,11,12,13,14,15,16,17,18,19,20,21a,21,22,23,24,Flat Gnd Flr 25,Flat 1st Flr 25,25,26,27,28,29,30,31,32,33,34,35,36,37"
SW13 9JH,522461,0177912,51.486909,-0.237620,Lillian Road,Barnes,Richmond upon Thames,Greater London,London,England,"1 Glentham Cottages,2 Glentham Cottages"
SW13 9JJ,522553,0177889,51.486681,-0.236326,Lillian Road,Barnes,Richmond upon Thames,Greater London,London,England,"42a,42b,Flat Gnd Flr 50a,Mais 1st & 2nd Flrs 50,52-54,Flat 4 At 56,Flat 4a At 56,Flat 5 At 56,Flat 5a At 56,Flat 6 At 56,Flat 7 At 56,Flat 8 At 56,58,68,70,72a,72,74a,74"
SW13 9JL,521573,0176442,51.473888,-0.250931,Barnes High Street,Barnes,Richmond upon Thames,Greater London,London,England,"Flat 1 At 371a,Flat 2 At 371a,Flat 3 At 371a"
SW13 9JN,522756,0177927,51.486979,-0.233391,Glentham Gardens,Barnes,Richmond upon Thames,Greater London,London,England,"1,2,3,4,5,6,7,8,9,10,11,12"
SW13 9JP,522491,0177800,51.485895,-0.237250,Lillian Road,Barnes,Richmond upon Thames,Greater London,London,England,"Flat A 33,33,Brook Cottage 35,Eastbank 37,North House 37,Northbank 37,Mais Lower Flrs 39,Flat 1 At 39,Flat 2nd Flr 39,39,21,23,Flat Gnd Flr 25,Flat 1 At 25,Flat 1st Flr Rear At 25,25,27,29,31a,31,1 Brook House,2 Brook House,3 Brook House,4 Brook House,5 Brook House,6 Brook House,7 Brook House,8 Brook House,9 Brook House"
SW13 9JQ,522642,0177915,51.486896,-0.235036,Glentham Road,Barnes,Richmond upon Thames,Greater London,London,England,"1,2,3,4a,4"
SW13 9JR,522294,0177783,51.485785,-0.240091,Kilmington Road,Barnes,Richmond upon Thames,Greater London,London,England,"41a,41b,Flat 1 At 41,Flat 2 At 41,Flat 3 At 41,Flat 4 At 41,Flat 5 At 41,Flat 6 At 41,Flat 7 At 41,53,55,57,59a,Flat Gnd Flr 59,Maisonette 1st & 2nd Flrs At 59,59,61a,43a,43b,Maisonette Bst & Gnd Flr 43,Flat 2nd Flr 43b,Maisonette 1st & 2nd Flr At 43b,43,Oakgates 45,47,49b,49,51,61,63,65,67,Coach House Annexe 69,69"
SW13 9JS,522510,0177852,51.486358,-0.236958,Lillian Road,Barnes,Richmond upon Thames,Greater London,London,England,"Maisonette Bst & Gnd Flr 54,Maisonette 1st & 2nd Flr At 54,54,56a,56,58a,Flat Gnd Flr 58,Flat 1st Flr At 58,Flat 2nd Flr At 58,58,60,48,50,52a,52,62,Flat Part 1st Flr 64,64 (incl Gld Flr 66),64 (excl Part 1st Flr & Incl Gnd Flr 66),Attic Flat 66,Flat Bst 66,Flat 1st Flr At 66,Flat Gnd Flr 64-66,68,70,72,Flat 1 At 80,Flat 2 At 80,School Flat 82,74,76a,76b,Bst Flat 76,76c,76d,Flat Gnd Flr 76,Flat 1st Flr 76,Flat 2nd Flr 76,Mais 1st & 2nd Flr 76,78b,78,80a"
SW13 9JT,522473,0178000,51.487697,-0.237416,Lillian Road,Barnes,Richmond upon Thames,Greater London,London,England,"Flat Gnd Flr Colet House St Pauls School,Flat 2 Colet House St Pauls School,Gnd Flr House Masters Flat 1 St Pauls School 80,Assistant House Master Flat 2 St Pauls School 80,Boat House Flat St Pauls 80,Catering Staff 80,High House St Pauls 80,School House St Pauls School 80,East House St Pauls School,Porters Flat A,Porters Flat B,School House St Pauls,West House St Pauls School"
SW13 9JU,521590,0176417,51.473660,-0.250695,Barnes High Street,Barnes,Richmond upon Thames,Greater London,London,England,"Flat 1 At 42,Flat 2 At 42,Flat 3 At 42,Flat 4 At 42"
SW13 9JW,521606,0176425,51.473728,-0.250462,Barnes High Street,Barnes,Richmond upon Thames,Greater London,London,England,"Flat 1 At 45,Flat 2 At 45,Flat 3 At 45,Flat 4 At 45,Flat 5 At 45"
SW13 9JX,521616,0176429,51.473762,-0.250317,Barnes High Street,Barnes,Richmond upon Thames,Greater London,London,England,"Flat 1 At 46,Flat 2 At 46,Flat 3 At 46,Flat 4 At 46,Flat 5 At 46"
SW13 9JY,521632,0176435,51.473812,-0.250085,Barnes High Street,Barnes,Richmond upon Thames,Greater London,London,England,"Flat 1 At 49,Flat 2 At 49,Flat 3 At 49,Flat 4 At 49,Flat 5 At 49,Flat 6 At 49,Flat 7 At 49,Flat 8 At 49"
SW13 9JZ,522400,0178000,51.487712,-0.238490,Lillian Road,Barnes,Richmond upon Thames,Greater London,London,England,
SW13 9LB,521765,0176381,51.473299,-0.248166,Swan Place,Barnes,Richmond upon Thames,Greater London,London,England,"1,3a,Flat 1st Flr 4,4"
SW13 9LD,521760,0176417,51.473623,-0.248249,Swan Place,Barnes,Richmond upon Thames,Greater London,London,England,"67a,67b,Flat Gnd Flr 68,71"
SW13 9LE,521741,0176429,51.473735,-0.248518,Birch Yard,Barnes,Richmond upon Thames,Greater London,London,England,"1 Seaforth Lodge,2 Seaforth Lodge,3 Seaforth Lodge,4 Seaforth Lodge,5 Seaforth Lodge,6 Seaforth Lodge,7 Seaforth Lodge,8 Seaforth Lodge,9 Seaforth Lodge,10 Seaforth Lodge,11 Seaforth Lodge,12 Seaforth Lodge,14 Seaforth Lodge,15 Seaforth Lodge,16 Seaforth Lodge,17 Seaforth Lodge,18 Seaforth Lodge,19 Seaforth Lodge,20 Seaforth Lodge,21 Seaforth Lodge,22 Seaforth Lodge,23 Seaforth Lodge,24 Seaforth Lodge,25 Seaforth Lodge,26 Seaforth Lodge,27 Seaforth Lodge,28 Seaforth Lodge,29 Seaforth Lodge,30 Seaforth Lodge,31 Seaforth Lodge,32 Seaforth Lodge,33 Seaforth Lodge,34 Seaforth Lodge,35 Seaforth Lodge,36 Seaforth Lodge,37 Seaforth Lodge"
SW13 9LF,521710,0176446,51.473894,-0.248958,Barnes High Street,Barnes,Richmond upon Thames,Greater London,London,England,"Flat 1st Flr At 53,Maisonette Gnd & 1st Flrs At 55,56a,59a,60a,61b,Flat Gnd Flr 61"
SW13 9LG,521709,0176476,51.474164,-0.248962,Melrose Road,Barnes,Richmond upon Thames,Greater London,London,England,"Rear Of 54,17,19,21,1,Flat Gnd Flr 3,Maisonette 1st & 2nd Flrs At 3,5,7,9,Flat Gnd Flr 11,Flat 1st Flr At 11,13,15"
SW13 9LH,521663,0176499,51.474381,-0.249616,St Anns Road,Barnes,Richmond upon Thames,Greater London,London,England,"13,15a,Flat Gnd Flr 15,17a,17,19a,19,21a,21,1,3,5,7,9,11,23a,23b"
SW13 9LJ,521639,0176511,51.474494,-0.249958,St Anns Road,Barnes,Richmond upon Thames,Greater London,London,England,"12,14a,14,16a,16,18a,18,20a,20,22a,22,2a,2,4a,4,6a,6,8a,8,10a,10,12a,24a,24,26,28a,28,30a,30,32a,32"
SW13 9LL,521641,0176459,51.474026,-0.249924,St Anns Road,Barnes,Richmond upon Thames,Greater London,London,England,"34,36"
SW13 9LN,521602,0176423,51.473711,-0.250520,Barnes High Street,Barnes,Richmond upon Thames,Greater London,London,England,"37,38,39a,39b,Flat 1st Flr At 39b,Maisonette 1st & 2nd Flrs At 51,52a,Flat 1st Flr 52a,Flat 2nd Flr 52a"
SW13 9LP,521552,0176390,51.473425,-0.251251,Terrace Gardens,Barnes,Richmond upon Thames,Greater London,London,England,"35b,35c,Flat 1 At 35,Flat 2 At 35,35,Flat 1st Flr At 36,Flat 2 At 36,Maisonette 1st & 2nd Flrs At 36a,38"
SW13 9LQ,521694,0176503,51.474410,-0.249169,Melrose Road,Barnes,Richmond upon Thames,Greater London,London,England,"2,4,6,8,10,12a,12,14"
SW13 9LR,521665,0176386,51.473365,-0.249626,Birch Yard,Barnes,Richmond upon Thames,Greater London,London,England,55a Church Walk
SW13 9LS,521600,0176300,51.472606,-0.250591,Grove Road,Barnes,Richmond upon Thames,Greater London,London,England,
SW13 9LT,521790,0176430,51.473733,-0.247812,Swan Place,Barnes,Richmond upon Thames,Greater London,London,England,"1,2,3,4"
SW13 9LU,520531,0175904,51.469275,-0.266110,,London,Richmond upon Thames,Greater London,London,England,
SW13 9LW,521670,0176411,51.473589,-0.249523,Barnes High Street,Barnes,Richmond upon Thames,Greater London,London,England,"Maisonette At 6,1st Flr Flat 6a,2nd Flr Flat 6b,7,8a,8b,9c,9d,10a,10b,10,13,14a,15,17a,18a,Maisonette At 19,20a,Flat 1st Flr At 21,Flat 2nd Flr At 21,Maisonette 1st & 2nd Flrs At 22a,Maisonette 1st & 2nd Flrs At 23,29a,29b,Flat 1 At 30,Flat 2 At 30,Flat 3 At 30,Flat 4 At 30,Flat 5 At 30,Flat At The Coach & Horses"
SW13 9LY,522019,0176871,51.477648,-0.244365,Cumberland Road,Barnes,Richmond upon Thames,Greater London,London,England,"14,15,16,17,18,19,20,21,22,23,24,26,28,1,2,3,4,5,6,7,8,9,10,11,12,13"
SW13 9LZ,522122,0176907,51.477949,-0.242870,Berkeley Road,Barnes,Richmond upon Thames,Greater London,London,England,"2,4,6,8,10,12,14,16,18,20,22,24"
SW13 9NA,522141,0177006,51.478834,-0.242562,Berkeley Road,Barnes,Richmond upon Thames,Greater London,London,England,"9,11,13,15,17,19,21,23,25,27,29,31,33,35"
SW13 9NB,522126,0177049,51.479224,-0.242763,Parke Road,Barnes,Richmond upon Thames,Greater London,London,England,"8,10,12,Flat Gnd Flr 14,Maisonette 1st & 2nd Flrs At 14,14,16,18,20,Flat Gnd Flr 22,Flat 1st Flr At 22,Flat Gnd Flr 24,Flat Gnd Flr 24a,26,28,30a,30"
SW13 9ND,521893,0176752,51.476605,-0.246219,Gerard Road,Barnes,Richmond upon Thames,Greater London,London,England,"2a,Flat 1st Flr At 2,Flat 2b At 2,4,6,Flat Gnd Flr 8,Flat 1st Flr At 8,8,10,12,14,16,18,20,22,24,26,28,30,32,34,Flat 1 At 36,Flat 2 At 36,Flat 3 At 36,Flat 4 At 36,36,38"
SW13 9NE,522044,0176955,51.478397,-0.243976,Berkeley Road,Barnes,Richmond upon Thames,Greater London,London,England,"2,4,6,8,10,12,14,16,18"
SW13 9NF,522013,0176962,51.478467,-0.244420,Berkeley Road,Barnes,Richmond upon Thames,Greater London,London,England,"1,3,5,7,9,11,13,15,17,19"
SW13 9NG,522092,0177130,51.479959,-0.243225,Galata Road,Barnes,Richmond upon Thames,Greater London,London,England,"20,22,24,26,28,30"
SW13 9NH,522129,0177195,51.480536,-0.242670,Atherton Road,Barnes,Richmond upon Thames,Greater London,London,England,"1,2,3,4,6,8,First Floor Flat 10,Ground Floor Flat 10,10,12,14"
SW13 9NJ,522060,0177154,51.480182,-0.243677,Atherton Road,Barnes,Richmond upon Thames,Greater London,London,England,"21,23,25,27,29,31,33,35,37,39"
SW13 9NL,522004,0177085,51.479574,-0.244507,Parke Road,Barnes,Richmond upon Thames,Greater London,London,England,"32,34,36,38,40,42,44,46a,46"
SW13 9NN,522016,0177042,51.479185,-0.244349,Parke Road,Barnes,Richmond upon Thames,Greater London,London,England,"37,39,41,43"
SW13 9NP,521963,0177161,51.480266,-0.245071,Atherton Road,Barnes,Richmond upon Thames,Greater London,London,England,"67,69,71,73,75,77,79"
SW13 9NQ,522127,0177107,51.479745,-0.242729,Galata Road,Barnes,Richmond upon Thames,Greater London,London,England,"1,2,3,4,5,6,7"
SW13 9NR,521892,0177117,51.479886,-0.246108,Belgrave Road,Barnes,Richmond upon Thames,Greater London,London,England,"48,50,52,54,56,Flat Gnd Flr 58,Flat 1st Flr 58,58,60,62,64,75"
SW13 9NS,521902,0177162,51.480288,-0.245948,Belgrave Road,Barnes,Richmond upon Thames,Greater London,London,England,"9,10,11,12,14,1,2,Flat At 3,3,4,5,6,7,8"
SW13 9NT,521924,0177008,51.478899,-0.245685,Belgrave Road,Barnes,Richmond upon Thames,Greater London,London,England,"39,41,43,45,47,49,51,53,55,57,59,61,63,65"
SW13 9NU,521953,0176974,51.478587,-0.245279,Lowther Road,Barnes,Richmond upon Thames,Greater London,London,England,"40,42,44,46,48,50,52,54,56,58,60,62,64,66,68,Flat Gnd Flr 70,Grd Flr 70,Flat 1st Flr At 70,70,72 (inc Gnd Flr 70),72,74"
SW13 9NW,521998,0177159,51.480240,-0.244568,Atherton Road,Barnes,Richmond upon Thames,Greater London,London,England,"76,78,80,82,84,86,88,90"
SW13 9NX,521862,0176780,51.476863,-0.246656,Charlotte Road,Barnes,Richmond upon Thames,Greater London,London,England,"1,3,5,7,9,11,13,15,17"
SW13 9NY,522166,0176903,51.477903,-0.242238,Ferry Road,Barnes,Richmond upon Thames,Greater London,London,England,"1a,1,3,5,7,9,11,13,15,17,19,21,23,25,27,29,31,33,35,37,39"
SW13 9NZ,520532,0175905,51.469284,-0.266096,,London,Richmond upon Thames,Greater London,London,England,
SW13 9PA,522300,0176900,51.477848,-0.240310,Ferry Road,Barnes,Richmond upon Thames,Greater London,London,England,
SW13 9PD,522303,0176908,51.477919,-0.240264,Ferry Road,Barnes,Richmond upon Thames,Greater London,London,England,"2,4,6,8,20,Flat A At 22,Flat B At 22,Flat C At 22,Flat D At 22,Flat 1 At 22,Flat 2 At 22,Flat 3 At 22,Flat 4 At 22,Flat 5 At 22,Flat 6 At 22,24,26,10,Flat Gnd Flr 12,Flat 1st Flr At 12,12,14,Flat 1 At 16,Flat 2 At 16,Flat 3 At 16,Flat 4 At 16,Flat 5 At 16,16,18,55"
SW13 9PE,522362,0176917,51.477987,-0.239412,Newport Road,Barnes,Richmond upon Thames,Greater London,London,England,"1a,Flat Gnd Flr 1,Flat 1st Flr 1,1,2a,2,3,6,Russell Lodge 7"
SW13 9PF,522297,0176967,51.478450,-0.240330,Ferry Road,Barnes,Richmond upon Thames,Greater London,London,England,"1,3,5,7,9,19,21,23,25,Flat Gnd Flr 27,Flat 1st Flr At 27,27,Flat Gnd Flr 11,Flat 1st Flr 11,11,13,15,Flat Gnd Flr 17,Flat 1st Flr At 17,Flat Gnd Flr 29,Flat 1st Flr At 29,29-31,29,31,33,35,37,39"
SW13 9PG,522393,0177109,51.479706,-0.238900,Madrid Road,Barnes,Richmond upon Thames,Greater London,London,England,"42,44,46,48,50,52,Flat Gnd Flr 54,Flat 1st Flr At 54,54,30,Flat Gnd Flr 32,Flat 1st Flr At 32,32,34,36,38,40,56,58a,58b,58,60,66,68,70,72,74,76,78,80,82,84,86,88,90,92,94,96,98,100,102,104,106,108,110,112"
SW13 9PH,522273,0177021,51.478941,-0.240634,Ullswater Road,Barnes,Richmond upon Thames,Greater London,London,England,"Annexe 1st Flr 1,1,2a,2b,2,3,4,Flat Gnd Flr 5,Maisonette 1st/2nd Flr At 5a,6,7"
SW13 9PJ,522302,0177135,51.479959,-0.240200,Ullswater Road,Barnes,Richmond upon Thames,Greater London,London,England,"8,10,12,14,16,18,20,22,24,2,4,6"
SW13 9PL,522271,0177155,51.480146,-0.240640,Ullswater Road,Barnes,Richmond upon Thames,Greater London,London,England,"33,35,7,9,11,15,17,19,21,29,31,1a,1,3,5"
SW13 9PN,522274,0177226,51.480783,-0.240572,Ullswater Road,Barnes,Richmond upon Thames,Greater London,London,England,"32,34,36,38,40,42,44,46,48,50,52,54,56,58,60,62,64,66,28,30,68,70"
SW13 9PP,522173,0177109,51.479753,-0.242066,Galata Road,Barnes,Richmond upon Thames,Greater London,London,England,"Viera Gray House 27,33,35,37,39,41,43,45,47,49,51"
SW13 9PQ,522366,0177150,51.480080,-0.239274,Madrid Road,Barnes,Richmond upon Thames,Greater London,London,England,"43,45,Flat 1 At 51,Flat 2 At 51,Flat 3 At 51,Flat 4 At 51,Flat Gnd Flr 53,Flat 1st Flr At 53,55a,55b,41,57,59,61,63,65,67,69,71,73,75,77,79a,Flat Gnd Flr 79,Flat 1st Flr 79a,79,81,83,85,87,89,91,93,95,97,99,101,103a,Flat 1 At 103,Flat 2 At 103,Flat 3 At 103,103"
SW13 9PR,522243,0176996,51.478723,-0.241098,Ferry Road,Barnes,Richmond upon Thames,Greater London,London,England,"16,18,Flat Gdn Flr 20,Flat 1st Flr At 20a,20,22,24,26,28,30"
SW13 9PS,522200,0176948,51.478300,-0.241733,Ferry Road,Barnes,Richmond upon Thames,Greater London,London,England,"1 Walsingham Lodge,Flat 2 Walsingham Lodge,2 Walsingham Lodge,Flat 3 Walsingham Lodge,3 Walsingham Lodge,Flat 4 Walsingham Lodge,4 Walsingham Lodge,Flat 5 Walsingham Lodge,5 Walsingham Lodge,Flat 6 Walsingham Lodge,6 Walsingham Lodge,Flat 7 Walsingham Lodge,Flats 1-7 Walsingham Lodge,7 Walsingham Lodge,Flat 8 Walsingham Lodge,8 Walsingham Lodge,Flat 9 Walsingham Lodge,9 Walsingham Lodge,Flat 10 Walsingham Lodge,Flat 11 Walsingham Lodge,Flat 1 Walsingham Lodge,22 Walsingham Lodge,Flats 20-23 Walsingham Lodge,23 Walsingham Lodge,24 Walsingham Lodge,25 Walsingham Lodge,26 Walsingham Lodge,27 Walsingham Lodge,28 Walsingham Lodge,29 Walsingham Lodge,Flats 24-30 Walsingham Lodge,30 Walsingham Lodge,Wardens Flat Walsingham Lodge,11 Walsingham Lodge,Flat 12 Walsingham Lodge,12 Walsingham Lodge,Flat 13 Walsingham Lodge,13 Walsingham Lodge,Flat 14 Walsingham Lodge,14 Walsingham Lodge,Flat 15 Walsingham Lodge,Flats 8 & 11-15 Walsingham Lodge,15 Walsingham Lodge,Flat 16 Walsingham Lodge,16 Walsingham Lodge,Flat 17 Walsingham Lodge,17 Walsingham Lodge,Flat 18 Walsingham Lodge,18 Walsingham Lodge,Flats 16-19 Walsingham Lodge,19 Walsingham Lodge,20 Walsingham Lodge,21 Walsingham Lodge"
SW13 9PT,521900,0176700,51.476136,-0.246136,Gerard Road,Barnes,Richmond upon Thames,Greater London,London,England,
SW13 9PU,521600,0176500,51.474403,-0.250523,St Anns Road,Barnes,Richmond upon Thames,Greater London,London,England,
SW13 9PW,522209,0177136,51.479988,-0.241539,Ullswater Road,Barnes,Richmond upon Thames,Greater London,London,England,"32,34,36,38,40,42,44,46,48,50,52,54a,54,56,58,60,62"
SW13 9PY,521595,0176505,51.474449,-0.250593,St Anns Road,Barnes,Richmond upon Thames,Greater London,London,England,"301,303,305,307,309,311,313,315,317,319,321,323,325,327,329,331,333,335,339,341,343,345,347,349,351,353,355,357,359,361,363,365,367,369,Flat 1 At 371,Flat 2 At 371,Flat 3 At 371,Flat 4 At 371,Flat 5 At 371,Flat 6 At 371,Flat Above 373,Watermans Arms 375"
SW13 9PZ,521741,0176487,51.474256,-0.248498,Melrose Road,Barnes,Richmond upon Thames,Greater London,London,England,"2a,2,4,6,8,10,12,14"
SW13 9QA,521721,0176532,51.474665,-0.248770,Melrose Road,Barnes,Richmond upon Thames,Greater London,London,England,"1,3,5,7,9,11,13,15,17,19,21,23,25,27,29,31,33,35,37,39,41,43,45,47,49,51,53,55,57,59,61,63,65,67,69,71,73,75,77,79,81,83,85,87,89,91,93,95,97,99,101,103"
SW13 9QB,521655,0176613,51.475407,-0.249692,Lyric Road,Barnes,Richmond upon Thames,Greater London,London,England,"275,277,279-281,279,281,283a,Mais Gnd & 1st Flr At 283,285,287,289,293,295,297,Tideway"
SW13 9QD,521880,0176469,51.474065,-0.246481,The Crescent,Barnes,Richmond upon Thames,Greater London,London,England,"1 Nassau Lodge,2 Nassau Lodge,3 Nassau Lodge,4 Nassau Lodge"
SW13 9QE,521791,0176583,51.475108,-0.247745,Nassau Road,Barnes,Richmond upon Thames,Greater London,London,England,"14,16,18,20,22,24,26,28,30,32,2a,2,4,6,8,10,12,34,36,38,40,42,Maisonette Bst & Gnd Flrs 44,Maisonette 1st & 2nd Flrs At 44,46,48,50,52,54,56,58,60"
SW13 9QF,521883,0176547,51.474765,-0.246434,Nassau Road,Barnes,Richmond upon Thames,Greater London,London,England,"15,17,19,21,23,Flat Gnd Flr 25,Maisonette 1st & 2nd Flrs At 25,27,29,31,1,3,5,7,9,11,13,33,35,37,39,41,43"
SW13 9QG,521754,0176648,51.475700,-0.248255,Nassau Road,Barnes,Richmond upon Thames,Greater London,London,England,"45,47,49a,49,51,53,55,57,59,61,63,65,67,69,71"
SW13 9QH,521783,0176739,51.476512,-0.247807,Charlotte Road,Barnes,Richmond upon Thames,Greater London,London,England,"31,33,35,37,39,41,43,45,47,51,53,55,57,59"
SW13 9QJ,521806,0176802,51.477073,-0.247454,Charlotte Road,Barnes,Richmond upon Thames,Greater London,London,England,"1,2,3,4,5,6,7,8,9,10,12"
SW13 9QL,521717,0176851,51.477533,-0.248718,Charlotte Road,Barnes,Richmond upon Thames,Greater London,London,England,"247,249,263,265,267,269,271,273"
SW13 9QN,521818,0177196,51.480612,-0.247146,Lonsdale Road,Barnes,Richmond upon Thames,Greater London,London,England,"Flat 1st Flr Harrodian School,235,237,239,241,243,245,Harrods Sports Club"
SW13 9QP,521797,0177005,51.478900,-0.247514,Walnut Tree Close,Barnes,Richmond upon Thames,Greater London,London,England,"1,2,3,4,5,6,7,8,9,10,11,12,13,14,15,16,17,18,19,20,21,22,23,24,25,26,27,28,29,30,31,32,33,34,35,36,37,38,39,41,42,43,44,45,46,47,48,49,50,51,52,53,54,55,56,57,58,59,60,61,62,63,64,65,66,67,68,69,70,71"
SW13 9QQ,521764,0176710,51.476255,-0.248090,Charlotte Road,Barnes,Richmond upon Thames,Greater London,London,England,"44,46,48,50,52,54,56,58,60,62,64,66,68,70,72,74,76"
SW13 9QR,521805,0176962,51.478511,-0.247413,Walnut Tree Close,Barnes,Richmond upon Thames,Greater London,London,England,"1 Diana House,2 Diana House,3 Diana House,4 Diana House,5 Diana House,6 Diana House,7 Diana House,8 Diana House,9 Diana House,10 Diana House,11 Diana House,12 Diana House,13 Diana House,14 Diana House,15 Diana House,16 Diana House,17 Diana House,18 Diana House,19 Diana House,20 Diana House,21 Diana House,22 Diana House,23 Diana House,24 Diana House,25 Diana House,26 Diana House,27 Diana House,28 Diana House,29 Diana House,30 Diana House,31 Diana House,32 Diana House,33 Diana House"
SW13 9QS,521787,0177101,51.479765,-0.247624,Coniston Close,Barnes,Richmond upon Thames,Greater London,London,England,"1,2,3,4,5,6,7"
SW13 9QT,522912,0177956,51.487206,-0.231112,Clavering Avenue,Barnes,Richmond upon Thames,Greater London,London,England,222
SW13 9QU,522844,0177849,51.486259,-0.232151,Arundel Terrace,Barnes,Richmond upon Thames,Greater London,London,England,"31 Castelnau Mansions,32 Castelnau Mansions,33 Castelnau Mansions,34 Castelnau Mansions,35 Castelnau Mansions,36 Castelnau Mansions,37 Castelnau Mansions,38 Castelnau Mansions,39 Castelnau Mansions,40 Castelnau Mansions,41 Castelnau Mansions,42 Castelnau Mansions,43 Castelnau Mansions,44 Castelnau Mansions,45 Castelnau Mansions,46 Castelnau Mansions,47 Castelnau Mansions,48 Castelnau Mansions,49 Castelnau Mansions,50 Castelnau Mansions"
SW13 9QW,521600,0176600,51.475302,-0.250488,Lyric Road,Barnes,Richmond upon Thames,Greater London,London,England,
SW13 9QX,522891,0177905,51.486752,-0.231455,Arundel Terrace,Barnes,Richmond upon Thames,Greater London,London,England,"8 Castelnau Mansions,9 Castelnau Mansions,10 Castelnau Mansions,11 Castelnau Mansions,12 Castelnau Mansions,13 Castelnau Mansions,14 Castelnau Mansions,15 Castelnau Mansions,16 Castelnau Mansions,17 Castelnau Mansions,18 Castelnau Mansions,19 Castelnau Mansions,20 Castelnau Mansions,21 Castelnau Mansions,22 Castelnau Mansions,23 Castelnau Mansions,24 Castelnau Mansions,25 Castelnau Mansions,26 Castelnau Mansions,27 Castelnau Mansions,1 Castelnau Mansions,2 Castelnau Mansions,3 Castelnau Mansions,4 Castelnau Mansions,5 Castelnau Mansions,6 Castelnau Mansions,7 Castelnau Mansions,28 Castelnau Mansions,29 Castelnau Mansions,30 Castelnau Mansions"
SW13 9QY,522959,0177910,51.486782,-0.230475,Clavering Avenue,Barnes,Richmond upon Thames,Greater London,London,England,
SW13 9QZ,523033,0177821,51.485966,-0.229440,Riverview Gardens,Barnes,Richmond upon Thames,Greater London,London,England,
SW13 9RA,522979,0177833,51.486086,-0.230213,Riverview Gardens,Barnes,Richmond upon Thames,Greater London,London,England,
SW13 9RB,521996,0176536,51.474642,-0.244811,The Hermitage,Barnes,Richmond upon Thames,Greater London,London,England,
SW13 9RD,522500,0177200,51.480500,-0.237328,Castelnau,Barnes,Richmond upon Thames,Greater London,London,England,
SW13 9RE,522040,0176571,51.474947,-0.244166,Grange Road,Barnes,Richmond upon Thames,Greater London,London,England,"2,3a,Orchard House 3,4,6,8,9 Julian Court At 1,10,11 Julian Court At 1,12 Julian Court At 1,12,13 Julian Court At 1,14 Julian Court At 1,14,15 Julian Court At 1,16 Julian Court At 1,16,18,20,22,24,26,28,30,32,10 The Hermitage"
SW13 9RF,521964,0176574,51.474990,-0.245259,The Hermitage,Barnes,Richmond upon Thames,Greater London,London,England,"1 The Hermitage,2 The Hermitage,3 The Hermitage,4 The Hermitage,5 The Hermitage,6 The Hermitage,7 The Hermitage,8 The Hermitage,9 The Hermitage,10 The Hermitage,11 The Hermitage,12 The Hermitage,13 The Hermitage,14 The Hermitage,15 The Hermitage,16 The Hermitage,17 The Hermitage,18 The Hermitage,19 The Hermitage,20 The Hermitage,21 The Hermitage,22 The Hermitage,23 The Hermitage,24 The Hermitage,25 The Hermitage,26 The Hermitage,27 The Hermitage,28 The Hermitage"
SW13 9RG,521940,0176639,51.475579,-0.245582,The Hermitage,Barnes,Richmond upon Thames,Greater London,London,England,"2a,2,Flat 1 At 4,Flat 2 At 4,Flat 3 At 4,Flat 4 At 4,6,8,10,12,14,16,18,20,22,24,26,28,30,32,34,36,38,40,42"
SW13 9RH,522129,0176706,51.476141,-0.242839,Kitson Road,Barnes,Richmond upon Thames,Greater London,London,England,"1,3,5,7,9,11,13,15,17,19,21,23,25,27,29,31,33,35,37,39,41,43,45,47,49,51"
SW13 9RJ,522159,0176672,51.475829,-0.242419,Melville Road,Barnes,Richmond upon Thames,Greater London,London,England,"2,4,6,8,10,12,14,16,18,20,22,24,26,28,30,32,34"
SW13 9RL,522073,0176547,51.474724,-0.243699,Church Road,Barnes,Richmond upon Thames,Greater London,London,England,"1 Church Walk,2 Church Walk,3 Church Walk,4 Church Walk,22 Church Walk,20"
SW13 9RN,520531,0175904,51.469275,-0.266110,,London,Richmond upon Thames,Greater London,London,England,
SW13 9RP,522379,0176753,51.476509,-0.239224,Baronsmead Road,Barnes,Richmond upon Thames,Greater London,London,England,"Flat 2nd Flr At 1,1,Flat 1 At 3,Flat 2 At 3,Flat 3 At 3,5,7,9,11,13,15,17,19,21,23,25"
SW13 9RQ,521962,0176677,51.475916,-0.245252,Gerard Road,Barnes,Richmond upon Thames,Greater London,London,England,"1,3,5,7,9,11,13,15,17,19,21,23,25,27,29"
SW13 9RR,522318,0176842,51.477322,-0.240071,Baronsmead Road,Barnes,Richmond upon Thames,Greater London,London,England,"1,2,3,4,5,6,7,8,9,10,11,12,13,14,15,16,17,18,19,20,21,23,25,27"
SW13 9RS,522411,0176875,51.477599,-0.238722,Newport Road,Barnes,Richmond upon Thames,Greater London,London,England,"1 Room 2nd Flr At 39,Studio 1 At 29,Studio 2 At 29,Studio 3 At 29,Studio 4 At 29,Studio 5 At 29,Studio 6 At 29,Studio 7 At 29,Studio 8 At 29,Studio 9 At 29,Studio 10 At 29,Studio 11 At 29,Studio 12 At 29,29,31,33,Flat 1 At 35,Flat 2 At 35,Flat 3 At 35,Flat 4 At 35,37,Flat Gnd Flr 39,Flat 1st Flr At 39,Flat 2nd Flr At 39,39,41"
SW13 9RT,522464,0177085,51.479475,-0.237886,Madrid Road,Barnes,Richmond upon Thames,Greater London,London,England,"Flat 2 At 45a,Flat 3 At 45a,Flat 4 At 45a,47,Studio G1 At 49,Studio 1.1 At 49,Studio 2.1 At 49,Studio G2 At 49,Studio 2.2 At 49,Studio G3 At 49,Apartment 2.3 At 49,Studio 1.4 At 49,Studio G5 At 49,Studio 1.6 At 49,Studio 1.8 At 49,49,Maisonette 45,51,53,55,57,59,61,Flat 1 At 63,Flat 2 At 63,Flat 3 At 63,Flat 4 At 63,Flat 5 At 63,Flat 6 At 63,Flat 7 At 63,Flat 8 At 63,Flat Gnd Flr 65,Flat 1 At 65,Flat 1st Flr Front 65,Flat 2 Pt 1st Flr 65,Flat 2 At 65,Flat 3 Pt 1st & 2nd Flrs 65,67,69a,Maisonette Gnd & 1st Flrs At 69,The Coach House 71a,The Cottage 71,71,73a,Lestock House 73b,73,Flat 1 At 75,Flat 2 At 75,Flat 3 At 75,Flat 4 At 75,Flat 5 At 75,Flat 6 At 75,79,81,83"
SW13 9RU,522444,0176795,51.476873,-0.238274,Baronsmead Road,Barnes,Richmond upon Thames,Greater London,London,England,"Red Lion Hotel 2,4a,Flat 1 At 8,Flat 2 At 8,Flat 3 At 8,Flat 4 At 8,Flat 5 At 8,Flat 1 At 10,Flat 2 At 10,Flat 3 At 10,Flat 4 At 10,Flat 5 At 10,Residential Home 12,Flat 1 At 12,Flat 2 At 12,Flat 3 At 12,Flat 4 At 12,Flat 5 At 12,Flat 6 At 12,14a,Flat 1 At 14,Flat 2 At 14,Flat 3 At 14,Flat 4 At 14,Flat 5 At 14,Flat 6 At 14,Flat 7 At 14,Flat 8 At 14,Flat 9 At 14,Lakeside Flat 10 At 14,Flat 11 At 14,Flat 12 At 14,Flat 13 At 14,Flat 14 At 14,Flat 15 At 14,Flat 16 At 14,Flat 17 At 14,16,18,Flat 1 At 20,Flat 2 At 20,Flat 3 At 20,Flat 4 At 20,Flat 5 At 20,Flat 6 At 20,20,Flat 1 At 22,Flat 3 At 22,Flat 4 At 22,Flat 5 At 22,Flat 6 At 22,Flat 1 At 24,Flat 2 At 24,Flat 3 At 24,Flat 4 At 24,Flat 5 At 24,24,26,28,30,Flat 1 At 32,Flat 2 At 32,Flat 3 At 32,Flat 4 At 32,32,34a,34,36,38,40,Flat 1 At 42,Flat 2 At 42,Flat 3 At 42,Flat 4 At 42,44g,Flat 2 At 44,Flat 3 At 44,Flat 4 At 44,Flat 5 At 44,Flat 6 At 44,44,Barn Elms Lodge,1 Fairbairn Lodge,2 Fairbairn Lodge,3 Fairbairn Lodge,4 Fairbairn Lodge,5 Fairbairn Lodge,6 Fairbairn Lodge,7 Fairbairn Lodge,8 Fairbairn Lodge,Flat 1 Beverley House,Flat 2 Beverley House,Flat 3 Beverley House,Flat 4 Beverley House,Flat 5 Beverley House,Flat 6 Beverley House,1 Spencer House,2 Spencer House,4 Spencer House,5 Spencer House,7 Spencer House"
SW13 9RW,522300,0176600,51.475151,-0.240414,Byfeld Gardens,Barnes,Richmond upon Thames,Greater London,London,England,
SW13 9RX,522324,0176720,51.476225,-0.240027,Byfeld Gardens,Barnes,Richmond upon Thames,Greater London,London,England,"1b,1c,1d,1,2a,2,3,4,5,6,7,8,10,12,14"
SW13 9RY,522105,0176755,51.476586,-0.243167,Ellerton Road,Barnes,Richmond upon Thames,Greater London,London,England,"2,4,6,8,10,12,14,16,18,20,22,24,26,28,30,32,34,36,38,40,42,44,46,48,50,52,54,56,58,60,62,64,66,68,70,72,74"
SW13 9RZ,522111,0176797,51.476963,-0.243066,Ellerton Road,Barnes,Richmond upon Thames,Greater London,London,England,"Studio Flat At 1,1,3a,Flat 1st Flr At 3,5a,5,7,9,11,13,15,17,19,21,23,25,27,29,31,33,35a,35,37,39,41,43,45,47,49,51,53,55,57,59,61,63,65,67a,67"
SW13 9SA,522505,0176683,51.475853,-0.237435,Queen Elizabeth Walk,Barnes,Richmond upon Thames,Greater London,London,England,"Lakeside 3,5,6,River Lodge 7,8,Barn Elms Lodge,Barn Elms Lodge Barn Elms,Studio Flat At The Lodge Barn Elms"
SW13 9SB,522400,0176700,51.476028,-0.238940,Byfeld Gardens,Barnes,Richmond upon Thames,Greater London,London,England,
SW13 9SD,522400,0176900,51.477826,-0.238871,Newport Road,Barnes,Richmond upon Thames,Greater London,London,England,
SW13 9SE,520532,0175905,51.469284,-0.266096,,London,Richmond upon Thames,Greater London,London,England,
SW13 9SF,522543,0176697,51.475971,-0.236860,Queen Elizabeth Walk,Barnes,Richmond upon Thames,Greater London,London,England,"1,2"
SW13 9SN,522400,0176500,51.474231,-0.239010,Elm Grove Road,Barnes,Richmond upon Thames,Greater London,London,England,
SW13 9SZ,522400,0176900,51.477826,-0.238871,Newport Road,Barnes,Richmond upon Thames,Greater London,London,England,
SW13 9TR,522400,0176900,51.477826,-0.238871,Newport Road,Barnes,Richmond upon Thames,Greater London,London,England,
SW13 9WA,520532,0175905,51.469284,-0.266096,,London,Richmond upon Thames,Greater London,London,England,
SW13 9WB,520532,0175905,51.469284,-0.266096,,London,Richmond upon Thames,Greater London,London,England,
SW13 9WD,520532,0175905,51.469284,-0.266096,,London,Richmond upon Thames,Greater London,London,England,
SW13 9WE,520532,0175905,51.469284,-0.266096,,London,Richmond upon Thames,Greater London,London,England,
SW13 9WF,520531,0175904,51.469275,-0.266087,,London,Richmond upon Thames,Greater London,London,England,
SW13 9WG,520532,0175905,51.469284,-0.266096,,London,Richmond upon Thames,Greater London,London,England,
SW13 9WH,520532,0175905,51.469284,-0.266096,,London,Richmond upon Thames,Greater London,London,England,
SW13 9WJ,520532,0175905,51.469284,-0.266096,,London,Richmond upon Thames,Greater London,London,England,
SW13 9WL,520532,0175905,51.469284,-0.266096,,London,Richmond upon Thames,Greater London,London,England,
SW13 9WN,520532,0175905,51.469284,-0.266096,,London,Richmond upon Thames,Greater London,London,England,
SW13 9WP,520532,0175905,51.469284,-0.266096,,London,Richmond upon Thames,Greater London,London,England,
SW13 9WQ,520532,0175905,51.469284,-0.266096,,London,Richmond upon Thames,Greater London,London,England,
SW13 9WR,520532,0175905,51.469284,-0.266096,,London,Richmond upon Thames,Greater London,London,England,
SW13 9WS,520532,0175905,51.469284,-0.266096,,London,Richmond upon Thames,Greater London,London,England,
SW13 9WT,522619,0176829,51.477140,-0.235744,Queen Elizabeth Walk,Barnes,Richmond upon Thames,Greater London,London,England,
SW13 9WU,520532,0175905,51.469284,-0.266096,,London,Richmond upon Thames,Greater London,London,England,
SW13 9WW,520532,0175905,51.469284,-0.266096,,London,Richmond upon Thames,Greater London,London,England,
SW13 9WX,520532,0175905,51.469284,-0.266096,,London,Richmond upon Thames,Greater London,London,England,
SW13 9WY,520532,0175905,51.469284,-0.266096,,London,Richmond upon Thames,Greater London,London,England,
SW13 9WZ,520531,0175904,51.469275,-0.266110,,London,Richmond upon Thames,Greater London,London,England,
SW13 9XA,520532,0175905,51.469284,-0.266096,,London,Richmond upon Thames,Greater London,London,England,
SW13 9XB,520532,0175905,51.469284,-0.266096,,London,Richmond upon Thames,Greater London,London,England,
SW13 9XD,520532,0175905,51.469284,-0.266096,,London,Richmond upon Thames,Greater London,London,England,
SW13 9XE,520532,0175905,51.469284,-0.266096,,London,Richmond upon Thames,Greater London,London,England,
SW13 9XF,520532,0175905,51.469284,-0.266096,,London,Richmond upon Thames,Greater London,London,England,
SW13 9XG,520532,0175905,51.469284,-0.266096,,London,Richmond upon Thames,Greater London,London,England,
SW13 9XH,520532,0175905,51.469284,-0.266096,,London,Richmond upon Thames,Greater London,London,England,
SW13 9XJ,520531,0175904,51.469275,-0.266110,,London,Richmond upon Thames,Greater London,London,England,
SW13 9XL,520532,0175905,51.469284,-0.266096,,London,Richmond upon Thames,Greater London,London,England,
SW13 9XN,520532,0175905,51.469284,-0.266096,,London,Richmond upon Thames,Greater London,London,England,
SW13 9XP,522198,0177169,51.480287,-0.241685,Atherton Road,Barnes,Richmond upon Thames,Greater London,London,England,
SW13 9XQ,520532,0175905,51.469284,-0.266096,,London,Richmond upon Thames,Greater London,London,England,
SW13 9XR,520532,0175905,51.469284,-0.266096,,London,Richmond upon Thames,Greater London,London,England,
SW13 9XS,522400,0176900,51.477826,-0.238871,Newport Road,Barnes,Richmond upon Thames,Greater London,London,England,
SW13 9XT,520532,0175905,51.469284,-0.266096,,London,Richmond upon Thames,Greater London,London,England,
SW13 9XU,520531,0175904,51.469275,-0.266110,,London,Richmond upon Thames,Greater London,London,England,
SW13 9XW,520532,0175905,51.469284,-0.266096,,London,Richmond upon Thames,Greater London,London,England,
SW13 9XY,520532,0175905,51.469284,-0.266096,,London,Richmond upon Thames,Greater London,London,England,
SW13 9XZ,520532,0175905,51.469284,-0.266096,,London,Richmond upon Thames,Greater London,London,England,
SW13 9YA,520532,0175905,51.469284,-0.266096,,London,Richmond upon Thames,Greater London,London,England,
SW13 9YB,520531,0175904,51.469275,-0.266110,,London,Richmond upon Thames,Greater London,London,England,
SW13 9YD,520532,0175905,51.469284,-0.266096,,London,Richmond upon Thames,Greater London,London,England,
SW13 9YF,520532,0175905,51.469284,-0.266096,,London,Richmond upon Thames,Greater London,London,England,
SW13 9YQ,520532,0175905,51.469284,-0.266096,,London,Richmond upon Thames,Greater London,London,England,
SW13 9YR,520532,0175905,51.469284,-0.266096,,London,Richmond upon Thames,Greater London,London,England,
SW13 9YT,520532,0175905,51.469284,-0.266096,,London,Richmond upon Thames,Greater London,London,England,
SW13 9YX,520532,0175905,51.469284,-0.266096,,London,Richmond upon Thames,Greater London,London,England,
SW13 9ZA,522400,0176900,51.477826,-0.238871,Newport Road,Barnes,Richmond upon Thames,Greater London,London,England,
SW13 9ZB,522198,0177169,51.480287,-0.241685,Atherton Road,Barnes,Richmond upon Thames,Greater London,London,England,
SW13 9ZD,522198,0177169,51.480287,-0.241685,Atherton Road,Barnes,Richmond upon Thames,Greater London,London,England,
SW13 9ZE,520532,0175905,51.469284,-0.266096,,London,Richmond upon Thames,Greater London,London,England,
SW13 9ZF,520532,0175905,51.469284,-0.266096,,London,Richmond upon Thames,Greater London,London,England,
SW13 9ZG,522198,0177169,51.480287,-0.241685,Atherton Road,Barnes,Richmond upon Thames,Greater London,London,England,
SW13 9ZH,522198,0177169,51.480287,-0.241685,Atherton Road,Barnes,Richmond upon Thames,Greater London,London,England,
SW13 9ZJ,522198,0177169,51.480287,-0.241685,Atherton Road,Barnes,Richmond upon Thames,Greater London,London,England,
SW13 9ZL,520532,0175905,51.469284,-0.266096,,London,Richmond upon Thames,Greater London,London,England,
SW13 9ZN,522198,0177169,51.480287,-0.241685,Atherton Road,Barnes,Richmond upon Thames,Greater London,London,England,
SW13 9ZP,522198,0177169,51.480287,-0.241685,Atherton Road,Barnes,Richmond upon Thames,Greater London,London,England,
SW13 9ZQ,522198,0177169,51.480287,-0.241685,Atherton Road,Barnes,Richmond upon Thames,Greater London,London,England,
SW13 9ZR,520532,0175905,51.469284,-0.266096,,London,Richmond upon Thames,Greater London,London,England,
SW13 9ZS,522198,0177169,51.480287,-0.241685,Atherton Road,Barnes,Richmond upon Thames,Greater London,London,England,
SW13 9ZT,520532,0175905,51.469284,-0.266096,,London,Richmond upon Thames,Greater London,London,England,
SW13 9ZU,520532,0175905,51.469284,-0.266096,,London,Richmond upon Thames,Greater London,London,England,
